[{"id":57241771,"title":"Blog Template","order":1,"templateKey":"blog","customTemplate":false,"customTemplateFilename":null,"pageLinks":[],"dateCreated":"2025-09-13T15:35:55.205Z","dateUpdated":"2025-09-13T15:35:56.333Z","folderId":null,"pageName":"Blog Template","serverPageId":null,"sectionCount":1,"status":2,"backwardUrl":null},{"id":91803842,"title":"Post Template","order":2,"templateKey":"post","customTemplate":false,"customTemplateFilename":null,"pageLinks":[],"dateCreated":"2025-09-13T15:35:55.316Z","dateUpdated":"2025-09-13T15:35:56.334Z","folderId":null,"pageName":"Post Template","serverPageId":null,"sectionCount":1,"status":2,"backwardUrl":null},{"id":287233051,"title":"Product List Template","order":3,"templateKey":"products","customTemplate":false,"customTemplateFilename":null,"pageLinks":[],"dateCreated":"2025-09-13T15:35:55.425Z","dateUpdated":"2025-09-13T17:51:32.958Z","folderId":null,"pageName":"Product List Template","serverPageId":null,"sectionCount":1,"status":2,"backwardUrl":null},{"id":1049219560,"title":"Product Details Template","order":4,"templateKey":"product","customTemplate":false,"customTemplateFilename":null,"pageLinks":[],"dateCreated":"2025-09-13T15:35:55.541Z","dateUpdated":"2025-09-13T15:35:56.334Z","folderId":null,"pageName":"Product Details Template","serverPageId":null,"sectionCount":1,"status":2,"backwardUrl":null},{"id":348828355,"title":"Shopping Cart Template","order":5,"templateKey":"cart","customTemplate":false,"customTemplateFilename":null,"pageLinks":[],"dateCreated":"2025-09-13T15:35:55.626Z","dateUpdated":"2025-09-13T15:35:56.334Z","folderId":null,"pageName":"Shopping Cart Template","serverPageId":null,"sectionCount":1,"status":2,"backwardUrl":null},{"id":753818788,"title":"Checkout Template","order":6,"templateKey":"checkout","customTemplate":false,"customTemplateFilename":null,"pageLinks":[],"dateCreated":"2025-09-13T15:35:55.742Z","dateUpdated":"2025-09-13T15:35:56.334Z","folderId":null,"pageName":"Checkout Template","serverPageId":null,"sectionCount":1,"status":2,"backwardUrl":null},{"id":209272073,"title":"Login Template","order":7,"templateKey":"login","customTemplate":false,"customTemplateFilename":null,"pageLinks":[],"dateCreated":"2025-09-13T15:35:55.817Z","dateUpdated":"2025-09-13T19:59:15.043Z","folderId":null,"pageName":"Login Template","serverPageId":null,"sectionCount":1,"status":2,"backwardUrl":null},{"id":824508100,"title":"Search Page Template","order":8,"templateKey":"Search","customTemplate":false,"customTemplateFilename":null,"pageLinks":[],"dateCreated":"2025-09-13T15:35:55.868Z","dateUpdated":"2025-09-13T15:35:56.334Z","folderId":null,"pageName":"Search Page Template","serverPageId":null,"sectionCount":1,"status":2,"backwardUrl":null},{"id":440715946,"title":"Page Password Template","order":9,"templateKey":"password","customTemplate":false,"customTemplateFilename":null,"pageLinks":[],"dateCreated":"2025-09-13T15:35:55.930Z","dateUpdated":"2025-09-13T15:35:56.335Z","folderId":null,"pageName":"Page Password Template","serverPageId":null,"sectionCount":1,"status":2,"backwardUrl":null},{"id":239472300,"title":"404 Not Found Template","order":10,"templateKey":"404","customTemplate":false,"customTemplateFilename":null,"pageLinks":[],"dateCreated":"2025-09-13T15:35:55.975Z","dateUpdated":"2025-09-13T15:35:56.336Z","folderId":null,"pageName":"404 Not Found Template","serverPageId":null,"sectionCount":1,"status":2,"backwardUrl":null},{"id":284566245,"title":"Thank You Page Template","order":11,"templateKey":"ThankYou","customTemplate":false,"customTemplateFilename":null,"pageLinks":[],"dateCreated":"2025-09-13T15:35:56.018Z","dateUpdated":"2025-09-13T15:35:56.336Z","folderId":null,"pageName":"Thank You Page Template","serverPageId":null,"sectionCount":1,"status":2,"backwardUrl":null},{"id":2309630107,"title":"Home","order":50,"templateKey":null,"customTemplate":false,"customTemplateFilename":null,"pageLinks":[],"dateCreated":"2025-09-13T15:35:56.714Z","dateUpdated":"2025-09-13T19:59:07.559Z","folderId":null,"pageName":"Home_2309630107","serverPageId":null,"sectionCount":1,"status":2,"backwardUrl":null},{"id":81598802,"title":"About","order":100,"templateKey":null,"customTemplate":false,"customTemplateFilename":null,"pageLinks":[],"dateCreated":"2025-09-13T15:35:56.050Z","dateUpdated":"2025-09-13T15:35:56.336Z","folderId":null,"pageName":"About_81598802","serverPageId":null,"sectionCount":1,"status":2,"backwardUrl":null},{"id":25685116,"title":"Contact","order":101,"templateKey":null,"customTemplate":false,"customTemplateFilename":null,"pageLinks":[],"dateCreated":"2025-09-13T15:35:56.074Z","dateUpdated":"2025-09-13T15:35:56.336Z","folderId":null,"pageName":"Contact_25685116","serverPageId":null,"sectionCount":1,"status":2,"backwardUrl":null},{"id":50506810,"title":"Page 1","order":102,"templateKey":null,"customTemplate":false,"customTemplateFilename":null,"pageLinks":[],"dateCreated":"2025-09-13T20:00:05.145Z","dateUpdated":"2025-09-14T21:31:26.874Z","folderId":null,"pageName":"Page 1_50506810","serverPageId":null,"sectionCount":8,"status":2,"backwardUrl":null}]