[{"id":"user-image-152356.png","publicUrl":"np://user.desktop.nicepage.com/Site_2274119652/images/152356.png","size":894,"hash":"vQBlXSlu86g8S4r0cVk2ih8YrJI=","fileName":"152356.png","name":"152356","width":128,"height":128,"thumbnail":{"url":"np://user.desktop.nicepage.com/Site_2274119652/images/thumbnails/152356.png","width":128,"height":128,"length":894,"type":"png"},"folderId":null,"originalUrl":"https://assets.nicepagecdn.com/11a8ddce/6348401/images/152356.png","usages":["50506810"]},{"id":"user-image-16501.jpg","publicUrl":"np://user.desktop.nicepage.com/Site_2274119652/images/16501.jpg","size":632739,"hash":"74cgzsxl62ErINrpGyIQVfHmooQ=","fileName":"16501.jpg","name":"16501","width":2000,"height":1333,"thumbnail":{"url":"np://user.desktop.nicepage.com/Site_2274119652/images/thumbnails/16501.jpg","width":250,"height":167},"folderId":null,"originalUrl":"https://assets.nicepagecdn.com/11a8ddce/6348401/images/16501.jpg","usages":["50506810"]},{"id":"user-image-2149207908.jpg","publicUrl":"np://user.desktop.nicepage.com/Site_2274119652/images/2149207908.jpg","size":1772658,"hash":"ACQmbz0xVj6Q6vddbN3E+OZ7xgE=","fileName":"2149207908.jpg","name":"2149207908","width":1333,"height":2000,"thumbnail":{"url":"np://user.desktop.nicepage.com/Site_2274119652/images/thumbnails/2149207908.jpg","width":167,"height":250},"folderId":null,"originalUrl":"https://assets.nicepagecdn.com/11a8ddce/6348401/images/2149207908.jpg","usages":["50506810"]},{"id":"user-image-2151235300.jpg","publicUrl":"np://user.desktop.nicepage.com/Site_2274119652/images/2151235300.jpg","size":1547867,"hash":"q3mLjB4Ddm0mzBTETTpB4J34NHE=","fileName":"2151235300.jpg","name":"2151235300","width":1506,"height":2000,"thumbnail":{"url":"np://user.desktop.nicepage.com/Site_2274119652/images/thumbnails/2151235300.jpg","width":188,"height":250},"folderId":null,"originalUrl":"https://assets.nicepagecdn.com/11a8ddce/6348401/images/2151235300.jpg","usages":["50506810"]},{"id":"user-image-2148835342.jpg","publicUrl":"np://user.desktop.nicepage.com/Site_2274119652/images/2148835342.jpg","size":587889,"hash":"zKD13VslQiMCbKKwM3V3LkljUaA=","fileName":"2148835342.jpg","name":"2148835342","width":1000,"height":1500,"thumbnail":{"url":"np://user.desktop.nicepage.com/Site_2274119652/images/thumbnails/2148835342.jpg","width":167,"height":250},"folderId":null,"originalUrl":"https://assets.nicepagecdn.com/11a8ddce/6348401/images/2148835342.jpg","usages":["50506810"]},{"id":"user-image-2148548991.jpg","publicUrl":"np://user.desktop.nicepage.com/Site_2274119652/images/2148548991.jpg","size":1145329,"hash":"BPkrPuAGhPdVvZzXqmA4ziuKLRw=","fileName":"2148548991.jpg","name":"2148548991","width":2000,"height":1333,"thumbnail":{"url":"np://user.desktop.nicepage.com/Site_2274119652/images/thumbnails/2148548991.jpg","width":250,"height":167},"folderId":null,"originalUrl":"https://assets.nicepagecdn.com/11a8ddce/6348401/images/2148548991.jpg","usages":["50506810"]},{"id":"user-image-147893.jpg","publicUrl":"np://user.desktop.nicepage.com/Site_2274119652/images/147893.jpg","size":629008,"hash":"2m24weNv75ldSRr38pO2+/BMGsA=","fileName":"147893.jpg","name":"147893","width":2000,"height":1333,"thumbnail":{"url":"np://user.desktop.nicepage.com/Site_2274119652/images/thumbnails/147893.jpg","width":250,"height":167},"folderId":null,"originalUrl":"https://assets.nicepagecdn.com/11a8ddce/6348401/images/147893.jpg","usages":["50506810"]},{"id":"user-image-2149334652.jpg","publicUrl":"np://user.desktop.nicepage.com/Site_2274119652/images/2149334652.jpg","size":924748,"hash":"4bcVxDwttA8bJiSAGW1RsjSBzcI=","fileName":"2149334652.jpg","name":"2149334652","width":1333,"height":2000,"thumbnail":{"url":"np://user.desktop.nicepage.com/Site_2274119652/images/thumbnails/2149334652.jpg","width":167,"height":250},"folderId":null,"originalUrl":"https://assets.nicepagecdn.com/11a8ddce/6348401/images/2149334652.jpg","usages":["50506810"]},{"id":"user-image-2151118338.jpg","publicUrl":"np://user.desktop.nicepage.com/Site_2274119652/images/2151118338.jpg","size":711775,"hash":"+XQbFrowCNMkTQl92b9v6N5GG+0=","fileName":"2151118338.jpg","name":"2151118338","width":2000,"height":1333,"thumbnail":{"url":"np://user.desktop.nicepage.com/Site_2274119652/images/thumbnails/2151118338.jpg","width":250,"height":167},"folderId":null,"originalUrl":"https://assets.nicepagecdn.com/11a8ddce/6348401/images/2151118338.jpg","usages":["50506810"]},{"id":"user-image-2149253143.jpg","publicUrl":"np://user.desktop.nicepage.com/Site_2274119652/images/2149253143.jpg","size":538251,"hash":"1oQC56s/Pdiemb3tZ9ugQQ5/Fp8=","fileName":"2149253143.jpg","name":"2149253143","width":1000,"height":1500,"thumbnail":{"url":"np://user.desktop.nicepage.com/Site_2274119652/images/thumbnails/2149253143.jpg","width":167,"height":250},"folderId":null,"originalUrl":"https://assets.nicepagecdn.com/11a8ddce/6348401/images/2149253143.jpg","usages":["50506810"]},{"id":"user-image-ff.png","publicUrl":"np://user.desktop.nicepage.com/Site_2274119652/images/ff.png","size":453333,"hash":"OSA1gFJxiV3sCMoroshrtw7qnic=","fileName":"ff.png","name":"ff","width":2059,"height":1059,"thumbnail":{"url":"np://user.desktop.nicepage.com/Site_2274119652/images/thumbnails/ff.png","width":250,"height":129},"folderId":null,"usages":["2309630107","50506810"]},{"id":"user-image-Assinatura.png","publicUrl":"np://user.desktop.nicepage.com/Site_2274119652/images/Assinatura.png","size":101862,"hash":"bug8QUE6z0iRcOYRB8C7vL40kOk=","fileName":"Assinatura.png","name":"Assinatura","width":2000,"height":2000,"thumbnail":{"url":"np://user.desktop.nicepage.com/Site_2274119652/images/thumbnails/Assinatura.png","width":250,"height":250},"folderId":null,"usages":[]}]